{
  "train_loss": [
    3.93308,
    3.51948,
    3.36087
  ],
  "val_hr1": [
    0.1425,
    0.1425,
    0.1825
  ],
  "val_hr3": [
    0.345,
    0.36,
    0.3925
  ],
  "val_mrr3": [
    0.2275,
    0.23375,
    0.27125
  ],
  "lr": [
    0.00292661,
    0.00271362,
    0.00238188
  ]
}